source_id,year,system,rehydration_timepoints_or_window,direct_S_phase,direct_mitosis,bulk_cell_count,viability,damage_assay,repair_program,transcript_proxy,public_accession_or_data,admission_role
DOI:10.1371/journal.pone.0014008,2010,"whole larva + larval fat-body cells","~1 h behavioral recovery; fat-body comet time course through ~96 h and beyond",NO,NO,NO,NO,"YES: alkaline comet / nuclear DNA fragmentation in fat-body cells",NO,NO,"article figures/tables","TISSUE_SPECIFIC_DAMAGE_CLOCK + RAPID_FUNCTION_ANCHOR"
DOI:10.1016/j.cryobiol.2016.05.006,2016,"Pv11","post-rehydration viability and subsequent multi-day proliferation",NO,NO,YES,YES,NO,NO,NO,"article figures; no matched direct S-phase series identified","DRY_PRESERVATION_SURVIVAL_AND_BULK_PROLIFERATION_ANCHOR"
DOI:10.1007/s00792-016-0880-4,2017,"Pv11-KH","multi-day cell-count series after rehydration",NO,NO,"YES: GFP-positive living-cell counts",YES,NO,NO,NO,"article figure; no direct cell-cycle accession identified","BULK_PROLIFERATION_REPLICATION_NOT_FIRST_CELL_CYCLE_ENTRY"
DOI:10.1073/pnas.1719493115,2018,"Pv11 + Hsf RNAi","rehydration proliferation analysis with first-day data excluded from rate model",NO,NO,YES,YES,NO,"HSF1 perturbation / desiccation-survival regulation","YES: RNA-seq","SRA:SRP070984","CAUSAL_SURVIVAL_VS_LATER_PROLIFERATION_RATE_SEPARATION"
DOI:10.1038/s41598-018-36124-6,2018,"Pv11","R3,R24",NO,NO,NO,NO,NO,"YES: HR/NER/NHEJ-associated expression during recovery","YES: CAGE-seq","DRA:DRA007433","REPAIR_PROGRAM_TRANSCRIPT_PROXY_ONLY"
DOI:10.1371/journal.pone.0230218,2020,"Pv11","R3,R12,R24,R72",NO,NO,NO,NO,NO,"gene-regulatory/recovery transcriptomics","YES: RNA-seq","DRA:DRA008948","DENSEST_PUBLIC_REHYDRATION_TRANSCRIPT_PROXY_IDENTIFIED_NOT_DIRECT_CELL_CYCLE"
DOI:10.1016/j.mito.2023.11.002,2023,"P. vanderplanki larvae","first hour to few hours after rehydration",NO,NO,NO,NO,"YES: oxidative DNA/lipid damage","repair of oxidative damage reported on hours scale",NO,"article data","DAMAGE_CLASS_MULTIPLEX_CALIBRATION"
DOI:10.1038/s41598-025-19627-x,2025,"Pv11-derived Pv11-00443-Or47a","1,24,48,72,144 h class plus functional assays across early recovery",NO,NO,"YES: live-cell concentration; significant increase first at ~72 h",YES,NO,NO,"functional/proteostatic recovery context only","article + supplementary material","BULK_GROWTH_CLOCK + EARLY_FUNCTION_CLOCK_NOT_FIRST_CELL_CYCLE"
PUBLIC_SEARCH_2026-08-24,2026,"Polypedilum/Pv11 public literature","target 0-96 h",NOT_IDENTIFIED,NOT_IDENTIFIED,"multiple bulk series identified","multiple viability series identified","multiple non-equivalent damage assays identified","multiple transcript programs identified","YES","DRA007433; DRA008948; SRP070984; article supplements","PUBLIC_DIRECT_FIRST_CELL_CYCLE_ENTRY_GAP_OPEN_NOT_PROOF_OF_ABSENCE"
